{"cameraMode":{"drawMode":0,"name":"Shaded","section":"Shading Mode"},"sceneLighting":true,"audioPlay":false,"sceneViewState":{"m_AlwaysRefresh":false,"showFog":true,"showSkybox":true,"showFlares":true,"showImageEffects":true,"showParticleSystems":true,"showVisualEffectGraphs":true,"m_FxEnabled":true},"in2DMode":false,"pivot":{"x":3.566492795944214,"y":0.5508940815925598,"z":-6.337079048156738},"rotation":{"x":0.016132129356265069,"y":0.9838972091674805,"z":-0.13013343513011933,"w":0.12192440032958985},"size":6.663501262664795,"orthographic":false}